tenure_months,monthly_charges,support_tickets,avg_session_minutes,late_payments,contract_months,target
52,54.79,7,10.66,2,12,0
11,167.15,4,46.99,3,37,1
2,184.92,3,65.38,7,35,1
39,271.21,2,22.19,4,10,0
22,66.33,5,46.77,3,33,1
29,193.75,2,12.43,1,27,1
5,135.94,3,46.3,4,48,1
23,419.99,2,66.96,8,13,0
39,88.24,1,29.54,2,53,1
22,68.24,2,26.2,1,46,0
50,210.64,2,61.4,2,4,1
48,81.53,2,49.37,4,26,0
43,59.98,4,55.34,8,29,0
55,280.63,2,59.01,3,24,0
44,200.59,3,33.49,6,17,0
11,16.81,4,55.4,1,18,1
52,77.89,3,71.63,2,14,0
40,68.33,4,28.1,2,29,0
6,233.0,2,53.29,3,33,0
18,416.05,2,27.12,1,35,1
10,626.83,2,64.46,5,11,1
59,243.3,3,46.77,6,50,1
44,68.91,7,9.78,3,9,0
56,67.23,5,39.31,5,60,0
17,76.18,3,25.04,3,45,1
39,209.05,4,52.08,3,3,0
37,359.89,2,32.14,2,12,1
46,38.77,3,33.21,2,38,1
8,227.35,3,48.5,3,20,1
31,284.15,1,26.23,1,13,1
39,185.15,5,2.0,4,13,0
50,1429.9,4,24.63,2,3,1
40,215.87,2,23.55,2,42,0
27,151.83,4,65.48,2,22,1
28,227.55,3,2.83,4,9,0
21,101.4,2,70.61,0,48,1
10,68.75,4,38.19,3,47,1
17,199.44,2,43.48,3,46,0
9,332.8,4,31.93,8,4,1
14,125.91,4,31.64,2,13,1
52,283.72,2,23.77,4,3,0
32,114.09,1,75.38,4,7,1
6,464.97,4,21.28,3,34,1
26,172.49,3,44.36,2,53,1
17,215.73,0,39.09,3,39,1
40,253.74,3,35.87,0,27,1
50,57.6,3,55.01,0,21,0
1,130.65,2,46.04,2,23,1
28,538.27,4,2.0,4,11,0
27,152.25,4,2.0,4,1,0
60,396.16,2,24.93,1,28,1
22,275.58,2,63.1,7,2,1
10,41.29,2,73.18,2,46,1
12,243.51,3,27.98,2,28,0
29,69.28,3,36.41,4,3,0
36,178.19,2,12.69,3,20,0
20,110.95,4,41.84,4,26,0
27,150.69,2,41.3,0,44,1
40,141.23,5,22.65,2,32,0
18,175.89,4,32.96,6,27,0
58,108.44,2,44.91,4,57,1
13,57.65,0,69.41,1,25,1
57,73.19,3,73.71,2,51,1
53,281.85,1,87.1,0,30,1
58,496.28,4,22.83,8,44,1
48,174.65,1,2.0,3,6,0
32,267.63,2,37.15,1,32,1
37,294.06,0,12.42,3,6,1
13,57.05,4,45.43,2,59,0
21,40.01,5,28.32,1,22,1
28,143.18,5,20.44,3,26,1
57,39.46,5,34.15,2,2,0
48,122.64,1,55.77,2,21,0
34,52.73,6,42.87,2,1,0
36,95.89,4,35.0,2,48,1
26,87.72,2,18.6,3,42,0
26,213.58,3,12.72,6,29,0
55,94.34,0,42.64,4,10,1
1,66.46,3,27.1,5,42,0
20,153.57,2,15.59,4,18,0
25,1184.44,3,46.14,1,15,1
42,209.55,2,35.13,6,39,1
25,38.04,3,29.54,1,18,0
19,158.21,3,66.83,2,45,1
5,897.64,2,22.16,2,55,1
16,167.07,4,54.58,1,44,1
7,363.75,3,38.1,3,52,1
43,322.82,8,44.19,3,60,0
26,340.99,2,37.42,3,33,0
14,309.69,4,54.79,5,57,1
33,180.88,0,66.0,1,17,1
30,130.45,2,9.05,5,9,0
29,122.12,3,59.54,0,7,0
35,161.45,4,29.84,1,55,0
38,200.12,4,42.56,3,52,0
12,60.77,5,41.26,2,45,1
10,121.96,4,24.91,4,32,0
44,144.26,1,24.05,3,18,1
59,160.05,4,39.26,3,5,0
33,119.49,0,23.26,2,37,1
28,260.99,4,49.32,6,7,0
38,137.99,3,5.37,3,53,1
3,114.11,2,31.75,2,43,1
23,62.44,0,62.84,2,27,0
22,86.13,3,31.89,2,9,0
26,174.29,4,16.58,2,23,0
45,161.33,2,33.73,1,39,1
30,35.62,3,15.2,3,56,0
52,283.44,3,50.9,3,36,1
29,90.76,4,37.58,4,12,0
3,78.94,2,30.38,0,55,1
41,323.86,3,49.3,1,34,1
48,335.07,1,33.62,3,37,1
35,90.2,2,21.16,3,30,0
57,115.71,0,28.61,1,16,0
25,63.0,3,19.64,4,56,0
48,262.42,8,13.26,1,25,0
1,279.58,5,47.33,3,5,1
3,109.16,1,21.91,2,44,1
48,393.15,2,22.82,4,57,1
53,282.31,4,52.98,1,60,1
32,136.1,4,8.37,1,21,0
46,245.95,7,18.61,5,54,1
20,46.61,2,23.99,3,23,0
44,123.48,2,66.53,2,22,1
30,177.0,6,31.46,2,59,1
19,147.33,1,38.47,4,31,1
6,623.26,0,36.22,5,46,1
11,184.45,4,10.31,4,30,1
55,191.81,3,42.48,3,42,0
27,58.58,3,51.99,2,35,0
60,130.16,3,69.02,3,40,1
22,85.76,6,31.09,4,17,0
4,768.27,4,46.98,3,3,1
16,110.95,1,53.44,5,29,1
22,161.31,5,36.58,7,28,0
43,347.6,4,77.28,3,39,1
44,235.02,2,74.24,7,3,0
45,55.26,1,64.51,3,27,1
19,232.05,5,10.2,2,58,0
23,244.01,2,30.43,3,20,1
35,130.69,0,50.92,3,44,1
37,205.41,4,37.24,5,52,1
25,159.7,5,2.0,4,29,1
12,56.27,3,40.15,1,1,1
47,100.04,1,76.01,6,3,1
32,150.58,1,68.51,3,57,1
58,98.44,4,52.74,4,26,1
57,216.44,5,37.4,5,37,0
54,299.28,2,35.86,0,1,1
58,179.72,3,41.67,2,12,1
38,114.33,5,25.95,3,10,0
18,385.29,2,26.39,1,57,1
10,163.41,7,39.41,5,1,0
7,190.08,2,76.95,2,31,0
57,86.97,5,47.43,2,7,0
17,127.44,4,41.04,5,20,0
2,298.47,2,57.76,6,12,0
3,249.79,3,69.52,2,40,0
18,130.2,4,59.47,2,41,1
59,149.27,2,15.31,1,55,1
17,170.59,1,70.59,1,8,1
7,76.8,1,53.62,4,51,1
41,130.36,3,11.06,3,18,0
4,103.74,4,29.34,5,59,0
30,56.26,2,2.0,4,31,0
6,165.09,1,19.91,3,5,0
6,134.2,5,34.27,2,44,1
22,53.27,5,41.86,4,24,0
1,85.07,3,28.12,4,22,0
52,139.64,2,39.81,1,49,0
37,19.61,4,25.55,4,45,0
57,168.81,3,44.22,3,52,0
30,178.88,1,35.55,1,51,1
34,233.74,3,47.71,4,32,0
37,97.84,1,54.53,3,53,0
28,54.82,2,50.57,3,37,0
34,230.4,3,30.85,2,45,1
35,56.69,2,2.0,2,12,0
54,216.73,3,45.61,4,26,1
19,92.48,1,7.07,2,14,1
56,73.07,0,51.27,5,58,0
11,182.37,4,59.41,5,41,0
12,325.57,5,55.73,2,10,1
16,132.97,5,60.38,2,51,1
57,124.96,1,57.35,1,50,1
15,45.51,2,18.3,0,3,1
48,265.56,1,9.63,3,57,0
35,156.18,5,2.0,5,44,0
39,122.71,4,37.54,6,28,1
5,370.88,3,44.69,2,7,1
40,49.54,3,42.33,1,25,1
5,104.25,6,34.15,3,55,1
33,148.92,5,55.04,2,43,0
48,120.68,5,41.41,1,49,1
56,26.96,4,3.19,3,15,0
60,189.53,2,7.34,3,27,0
14,145.28,3,60.12,2,51,1
47,301.13,6,45.65,5,42,0
36,618.88,2,6.08,4,7,1
45,130.12,1,61.24,3,4,1
49,194.25,2,26.94,1,8,1
29,177.18,2,59.23,4,15,1
9,167.14,7,26.48,4,27,0
48,134.72,2,58.55,2,57,1
37,194.53,1,50.88,2,54,1
9,326.92,4,26.29,2,52,1
25,81.91,1,26.0,4,5,1
9,561.52,1,62.35,2,50,1
46,211.54,8,42.53,3,60,0
21,183.48,5,13.41,4,42,1
5,30.74,1,15.65,3,3,0
18,147.31,3,25.28,1,19,1
37,74.95,5,31.71,6,55,1
36,221.86,5,10.68,2,3,0
52,289.72,4,69.5,1,23,0
22,331.93,5,16.17,2,10,0
38,132.09,3,14.19,1,35,0
57,140.86,5,2.0,4,46,0
20,201.54,5,31.6,3,35,1
2,34.17,4,28.82,6,34,1
40,109.55,3,49.67,2,30,1
37,101.5,1,25.29,2,39,1
21,213.7,4,34.01,3,39,0
34,107.75,0,31.75,3,28,1
41,249.82,2,34.86,5,58,0
50,129.67,2,26.97,3,52,1
8,270.07,3,21.73,7,51,1
29,701.23,2,38.76,10,38,0
17,441.69,3,57.23,1,54,1
21,288.01,3,85.78,2,26,1
2,330.73,4,13.33,1,2,1
26,114.87,1,16.71,2,50,1
6,86.54,2,32.31,2,38,1
56,82.09,1,52.47,2,10,1
34,170.21,3,39.93,3,53,1
26,416.29,2,22.67,3,30,1
14,89.07,3,52.08,3,37,0
57,206.04,6,8.15,5,2,0
31,61.99,2,27.55,4,37,1
60,63.34,2,18.41,2,42,0
40,270.52,1,14.81,5,21,1
60,91.77,0,8.26,3,54,0
53,89.95,2,21.66,5,10,0
45,591.59,4,20.82,3,12,1
22,155.75,4,4.16,2,19,0
47,143.86,1,4.85,5,58,0
20,126.38,4,19.19,2,25,0
52,198.49,3,44.34,4,16,0
19,90.43,2,10.88,5,19,0
5,154.49,3,42.11,5,42,1
8,317.57,1,34.75,2,60,0
28,118.58,3,44.1,1,50,1
40,28.07,2,2.0,0,45,1
18,93.84,1,16.9,0,52,1
50,254.08,2,46.81,2,39,1
16,325.26,5,73.79,6,51,1
29,191.43,6,21.68,3,48,0
21,403.1,2,2.0,6,49,1
34,71.68,3,40.56,1,24,0
12,363.29,2,62.75,1,58,1
58,171.89,6,38.06,3,30,0
56,238.22,2,20.87,2,37,1
42,20.04,4,21.12,2,45,0
32,277.2,1,55.1,2,19,1
45,174.7,2,84.85,1,13,0
29,564.43,2,63.2,2,2,1
54,169.31,1,47.51,2,30,1
4,75.09,4,44.57,3,49,1
13,84.58,3,32.91,5,38,1
28,197.14,2,37.59,4,23,0
40,184.1,4,32.45,3,55,1
43,95.21,3,2.0,1,33,0
44,70.27,5,2.0,6,35,0
57,428.9,2,44.42,5,1,1
51,125.58,1,31.34,3,17,1
55,141.46,1,21.05,3,32,0
21,102.17,3,38.26,2,18,0
42,394.99,1,38.32,3,2,0
42,324.03,3,13.82,3,23,0
37,72.59,2,10.32,2,56,0
37,140.67,5,49.59,0,44,1
32,77.83,3,14.56,1,58,0
25,543.51,4,36.99,5,17,0
9,202.41,2,35.16,1,50,1
7,121.98,4,27.89,2,48,0
1,117.18,4,28.91,4,52,0
22,217.22,5,32.87,4,17,0
23,124.93,2,32.3,3,33,1
58,436.97,3,10.49,3,31,0
15,77.61,4,29.95,6,50,0
13,62.54,2,47.13,2,41,1
3,398.35,3,66.33,2,38,1
7,110.17,0,62.76,5,9,1
40,400.98,7,2.0,3,57,0
23,274.76,1,54.2,4,19,1
38,57.36,6,34.3,2,11,0
7,96.87,2,12.51,1,24,1
46,153.63,2,29.86,2,29,0
17,127.19,3,60.35,0,43,1
4,183.46,3,38.09,1,55,1
55,96.67,3,25.65,6,28,0
22,139.85,0,18.84,4,5,1
20,299.18,2,30.36,4,27,1
3,377.3,2,28.33,3,47,1
36,85.37,3,14.59,3,31,0
17,126.17,2,2.0,6,15,0
15,135.81,1,14.43,5,35,1
41,57.69,2,39.48,3,55,1
41,286.17,1,2.0,3,6,0
9,220.37,4,13.88,2,31,1
8,213.78,3,81.94,6,58,1
15,137.39,1,44.81,5,37,0
48,272.93,3,72.32,2,16,1
16,291.31,2,54.83,2,21,1
26,334.29,1,55.42,6,2,0
8,131.75,4,49.55,4,32,1
12,189.53,3,23.37,2,38,0
40,113.05,4,39.14,0,45,1
46,118.39,6,65.18,2,1,1
52,295.02,7,40.13,3,11,0
34,154.1,2,28.48,2,24,1
17,133.28,3,33.14,3,18,1
27,226.39,5,64.16,4,13,0
10,236.48,2,8.11,2,54,1
15,87.53,0,72.71,2,7,1
29,94.31,5,29.08,2,39,1
47,244.35,2,30.58,3,28,1
16,214.49,3,24.76,3,18,0
22,128.16,3,37.76,2,24,0
3,342.78,6,36.34,3,36,1
3,138.46,2,42.82,1,27,1
33,38.4,5,26.02,1,20,0
58,85.02,5,11.46,3,55,0
35,52.86,5,20.99,3,31,0
2,330.94,2,13.88,3,56,1
35,211.38,2,5.04,4,57,1
8,161.27,2,43.26,5,36,1
42,29.3,2,43.47,2,27,1
28,52.77,5,2.0,3,32,0
22,133.55,0,10.33,4,25,0
13,42.69,3,55.08,3,33,1
11,286.94,3,45.45,3,31,1
21,138.09,2,59.74,3,30,0
28,134.27,2,15.89,5,29,1
35,141.97,5,2.0,3,15,0
42,76.32,5,2.0,4,10,0
58,71.51,1,40.63,5,8,0
2,39.29,4,7.13,3,55,0
57,150.87,2,63.93,7,27,1
34,197.23,1,34.17,4,37,1
5,125.67,2,42.77,1,40,1
53,121.78,3,46.87,1,45,1
52,76.86,5,56.29,4,7,0
18,176.88,3,36.77,2,1,1
11,26.68,3,42.18,3,4,0
19,68.5,3,2.0,7,10,0
49,93.61,4,11.17,3,13,0
56,103.97,3,43.21,3,59,1
18,172.87,4,37.13,3,6,1
29,129.71,4,26.33,3,12,0
44,165.48,2,18.54,1,4,1
11,354.97,3,48.45,1,14,1
44,387.79,4,38.69,2,31,0
14,233.53,8,26.52,0,33,0
52,355.68,5,75.5,5,53,1
9,498.07,4,28.26,2,33,1
59,192.35,2,19.79,2,59,0
44,55.77,3,59.01,1,1,1
17,299.97,1,15.09,4,8,0
49,73.96,8,20.07,3,49,1
38,546.37,2,41.68,4,28,1
29,496.47,3,68.37,7,37,1
45,103.26,1,25.18,8,18,0
42,68.73,2,2.0,2,6,1
5,91.65,2,58.01,6,20,0
14,141.8,4,33.97,3,37,1
40,363.9,3,54.03,1,59,1
25,62.5,7,44.66,5,42,0
20,275.15,4,60.6,6,33,1
33,34.86,7,36.88,2,43,0
10,347.09,1,2.0,6,37,1
59,142.11,2,32.69,5,3,0
33,170.69,5,66.0,4,29,1
1,137.79,5,70.25,6,14,0
28,285.72,3,58.84,3,46,1
45,192.47,3,39.1,1,32,0
35,483.74,2,12.25,4,18,1
31,42.8,3,65.96,1,58,1
39,78.76,1,13.7,5,19,0
2,57.85,1,34.92,3,41,1
30,245.29,4,29.55,3,13,1
25,45.54,4,44.95,5,33,1
55,813.8,1,46.69,2,23,1
36,158.27,3,92.38,2,57,0
11,349.09,1,65.7,5,33,1
52,75.46,6,33.07,3,30,0
18,170.28,2,28.83,3,43,0
60,229.75,9,10.49,1,30,0
22,90.52,3,50.52,5,7,0
51,126.54,5,2.0,1,15,0
47,441.49,4,3.65,3,36,1
44,360.13,0,32.4,5,11,0
40,222.58,1,39.04,3,5,0
2,589.9,4,25.99,3,58,1
13,38.01,5,48.1,9,12,0
53,181.97,4,25.94,3,21,0
45,113.64,6,64.06,6,1,0
28,402.07,3,44.05,2,18,1
47,322.76,2,26.74,1,16,0
40,336.5,3,16.06,4,43,1
47,97.73,5,71.4,4,30,1
32,219.88,3,25.34,7,47,1
5,316.14,1,3.03,1,26,1
25,368.01,8,48.18,3,16,1
13,77.6,4,22.84,4,42,1
52,91.99,1,83.14,8,8,0
54,176.2,3,24.22,0,9,0
13,394.02,3,7.25,2,39,0
53,229.11,1,3.42,1,41,0
20,388.8,4,2.0,8,59,0
13,37.84,3,49.83,5,3,1
17,122.71,4,73.65,1,27,1
34,210.44,1,40.14,1,14,0
15,179.24,3,29.15,7,33,1
16,39.49,3,12.85,5,48,0
42,320.74,3,50.88,3,40,1
25,189.0,3,9.19,5,39,1
42,107.07,1,23.11,4,17,0
2,343.24,1,28.34,6,54,1
6,44.23,4,57.75,5,20,0
17,103.76,1,50.64,1,23,1
22,275.57,2,64.36,2,52,1
17,193.1,4,82.44,5,40,1
24,126.81,1,31.87,3,43,0
56,133.27,2,75.98,1,36,1
28,126.03,6,67.57,3,41,0
36,272.34,0,40.8,3,21,1
48,119.94,3,65.27,4,12,1
11,238.54,1,57.1,1,52,1
9,34.43,4,70.5,2,13,0
26,350.93,4,2.0,5,43,1
38,819.82,3,16.53,4,45,1
30,210.56,5,8.65,0,49,1
8,139.69,2,41.34,5,21,1
39,102.05,2,40.7,3,21,0
56,242.22,2,9.55,0,59,1
32,94.15,2,21.4,0,49,1
54,83.67,5,38.12,1,54,0
26,33.44,5,31.91,4,12,0
25,175.88,2,35.18,2,3,0
19,121.08,1,26.69,0,38,0
32,125.82,2,10.39,1,11,1
35,148.17,1,47.51,4,4,1
7,90.41,3,7.78,4,18,0
59,169.21,3,51.22,4,51,1
10,69.69,5,39.57,1,12,0
34,136.9,4,54.05,1,39,0
19,121.88,5,53.24,6,51,0
54,44.89,2,4.2,2,15,1
39,63.54,4,9.93,5,18,0
1,98.03,4,2.0,2,51,0
2,100.11,3,4.68,0,41,1
13,177.94,0,12.04,4,45,1
50,111.78,0,51.8,2,9,1
52,143.19,3,45.29,3,3,0
34,111.48,2,2.0,5,12,0
35,24.21,5,49.54,3,11,0
39,136.13,1,21.98,4,16,0
30,82.31,2,38.31,2,25,1
31,132.7,5,35.31,5,42,0
23,86.81,2,28.76,4,9,0
30,234.86,4,58.81,1,50,1
18,143.72,2,4.42,1,36,1
45,243.66,4,46.24,1,47,1
41,256.46,7,62.41,1,18,0
44,99.82,3,26.85,4,53,0
22,262.62,1,22.04,0,37,1
24,174.18,1,14.96,4,1,0
27,70.77,2,39.02,1,49,1
37,136.84,4,41.55,3,13,1
47,158.51,2,40.7,2,38,1
1,361.02,0,2.0,2,46,1
57,116.28,0,67.85,5,13,0
52,445.68,5,52.5,1,23,1
60,254.4,4,30.94,6,47,0
17,33.79,2,45.64,0,36,0
30,71.89,2,7.13,4,34,0
33,223.76,1,42.81,0,37,1
9,53.58,2,19.6,3,39,1
22,207.13,3,42.22,1,11,1
2,390.66,3,13.06,1,4,1
8,123.01,3,25.13,2,50,0
30,397.58,3,44.78,3,34,0
19,374.94,4,23.24,4,59,1
5,142.67,3,37.91,2,48,1
51,144.99,5,32.58,1,17,0
8,168.49,5,60.82,1,28,0
14,202.64,2,51.02,1,35,1
15,49.89,4,38.53,2,32,1
31,134.1,5,80.66,5,1,0
60,46.0,3,41.9,2,26,0
2,116.56,5,22.69,1,8,0
10,127.28,1,70.09,3,15,1
20,41.59,3,27.02,0,44,1
7,61.28,2,27.38,5,32,1
1,112.32,8,14.55,5,38,0
55,673.33,2,31.77,2,40,1
14,56.22,2,49.65,1,3,0
38,161.93,4,2.0,4,51,0
54,79.4,2,32.25,3,35,1
45,114.15,3,2.5,3,7,0
3,295.78,6,61.8,5,12,1
22,184.44,2,35.11,9,13,0
4,199.95,3,62.5,3,36,1
57,208.96,4,32.28,2,10,0
28,222.04,4,2.0,0,26,0
59,32.68,3,25.14,2,58,0
25,194.46,4,103.35,2,11,0
34,139.83,2,35.09,5,17,0
4,196.02,4,56.48,2,19,1
60,266.52,1,17.05,2,9,1
52,198.53,3,26.19,3,49,0
31,240.63,3,52.14,7,19,0
14,65.36,2,61.35,5,55,0
27,203.05,6,57.09,3,54,1
27,137.48,1,13.31,4,24,0
48,139.69,4,2.0,4,53,0
18,368.74,1,4.3,3,11,1
39,105.42,4,18.73,2,28,0
49,93.07,2,26.14,3,22,1
13,59.18,3,44.03,2,22,0
47,120.67,4,2.0,0,57,1
31,314.03,3,4.54,1,42,0
13,46.18,5,38.93,2,16,0
1,176.95,3,34.21,5,7,1
54,25.21,2,26.12,4,35,0
53,91.54,0,70.03,2,43,1
4,201.59,1,12.72,3,22,0
33,101.8,2,51.61,6,16,0
6,63.98,2,36.34,3,7,1
3,114.69,7,27.04,5,57,0
4,296.6,2,17.07,4,28,0
57,421.73,1,2.0,3,10,0
31,427.75,2,7.31,3,10,0
60,239.27,6,26.31,2,24,0
47,191.03,4,16.24,5,60,0
45,295.92,4,17.7,2,35,0
7,66.06,5,30.69,3,57,0
26,75.31,5,59.06,3,39,0
34,366.53,5,43.52,5,54,0
36,270.26,5,34.22,7,6,0
9,273.84,4,13.25,3,50,0
1,173.34,4,28.48,3,59,0
37,83.3,6,39.41,3,22,0
7,69.68,4,18.39,4,13,0
57,286.18,1,42.68,2,30,0
20,316.71,4,33.1,1,15,1
56,67.74,4,44.98,2,11,0
25,88.44,7,93.31,7,23,0
26,138.1,1,38.73,3,18,0
46,273.76,3,42.05,2,27,1
54,116.94,3,26.69,2,4,0
11,81.73,3,50.21,2,1,1
27,296.45,1,19.08,5,50,0
7,225.45,2,36.46,6,9,1
43,91.29,2,2.0,1,20,0
42,93.55,4,69.33,7,44,1
9,322.78,2,55.55,2,48,0
54,60.55,4,13.34,8,35,0
59,120.9,3,66.11,2,48,1
53,203.27,3,39.85,4,8,1
49,166.51,2,47.53,1,32,0
45,284.46,3,37.96,3,31,1
17,44.8,5,29.74,6,36,0
60,150.25,2,51.26,3,13,1
19,183.24,2,26.62,2,17,0
32,187.45,1,12.13,6,19,1
43,222.26,4,60.64,3,2,0
47,65.57,2,32.7,3,55,1
20,408.14,4,52.23,2,56,1
26,203.94,7,33.21,2,27,0
29,219.74,3,51.96,2,53,1
22,99.11,4,2.0,2,11,0
20,168.43,0,49.83,4,12,1
55,376.65,4,43.31,5,7,1
15,146.84,2,17.33,1,30,0
26,170.16,5,48.31,3,10,1
9,185.25,4,48.36,2,10,1
45,47.32,5,36.4,1,39,0
49,131.53,2,51.36,5,36,1
30,241.08,3,19.6,3,32,1
4,105.43,3,15.61,2,42,0
7,144.1,3,4.95,3,44,1
16,145.05,3,45.34,4,53,0
8,49.11,2,39.23,2,34,0
14,260.61,2,2.0,4,55,1
31,57.52,2,48.16,0,6,0
36,199.51,0,53.02,4,58,1
43,135.16,0,74.65,5,49,1
56,116.89,2,34.42,2,46,0
45,155.52,4,66.67,6,30,0
29,251.53,1,3.75,3,11,1
21,262.28,2,59.71,3,5,0
53,109.81,5,54.99,3,2,0
1,132.27,3,30.44,2,13,0
44,81.32,0,51.35,2,30,0
33,53.35,7,2.0,3,2,0
30,288.78,2,37.21,5,5,1
12,68.85,4,43.58,6,28,0
18,88.7,6,37.03,1,6,0
20,193.56,2,51.72,2,32,1
3,57.78,4,51.0,6,21,0
34,207.69,3,6.3,2,45,1
35,82.22,3,44.38,2,53,1
24,66.99,1,21.19,2,58,0
55,98.84,3,58.82,3,8,0
28,81.8,2,41.17,5,4,0
5,175.08,3,55.47,6,52,1
4,400.49,5,85.08,1,47,1
23,237.9,5,60.77,2,57,1
11,205.5,3,2.0,5,19,0
52,96.47,5,12.03,4,54,1
51,125.36,3,36.24,4,41,0
58,158.33,2,42.55,4,41,1
31,140.74,2,38.65,2,26,0
30,161.94,0,34.75,1,44,1
54,63.1,4,53.55,6,33,0
39,501.49,3,19.78,3,3,0
52,56.85,5,44.46,8,35,0
12,130.39,3,27.54,7,31,0
12,257.38,3,57.63,3,23,1
4,85.5,8,40.23,2,33,0
24,300.32,3,14.48,2,48,1
48,53.57,2,14.52,4,30,1
32,85.42,4,76.3,4,19,0
33,27.69,8,49.07,9,35,0
6,295.77,3,51.53,3,45,1
8,62.13,5,25.88,2,33,0
6,88.16,0,28.02,1,42,1
23,244.31,6,2.0,3,3,0
51,181.59,1,51.36,2,52,1
45,300.32,4,35.45,3,22,0
50,224.16,2,59.29,2,40,0
18,265.69,3,63.01,2,1,1
23,101.66,2,38.07,1,39,1
58,133.96,3,44.16,3,34,1
43,238.47,5,57.94,2,15,1
42,240.7,0,27.79,4,18,1
32,275.51,5,53.48,1,4,1
7,83.13,2,2.0,3,44,0
45,65.96,2,47.07,5,27,1
23,59.02,4,29.78,1,28,1
19,101.98,3,38.34,2,13,0
44,132.32,6,14.31,4,27,0
29,61.6,7,18.27,5,49,0
11,124.85,3,22.51,3,28,0
54,220.92,0,34.51,2,39,1
24,283.73,2,18.19,3,30,1
49,94.13,2,4.56,2,21,0
25,211.29,3,75.56,4,50,1
19,58.11,1,47.33,1,4,0
49,89.44,2,16.0,2,17,0
53,152.96,5,27.4,3,42,1
19,90.34,1,32.83,4,32,1
24,82.31,5,43.7,2,45,1
34,171.28,5,15.33,4,25,0
41,70.93,3,20.06,3,17,0
31,153.39,3,49.75,4,44,0
43,131.67,4,89.0,2,2,0
50,202.58,0,49.63,0,46,1
25,240.62,1,35.72,5,15,0
51,155.71,3,8.28,6,54,0
50,100.16,3,47.35,2,34,0
59,287.08,8,13.28,3,7,0
28,162.69,3,54.8,4,56,1
51,76.54,1,31.42,3,15,1
58,159.89,2,20.27,1,54,1
57,92.28,6,59.96,3,56,1
57,24.19,4,31.4,4,47,0
24,72.4,3,22.05,2,40,0
55,108.65,1,35.43,4,35,0
27,102.8,2,80.7,5,49,1
55,48.26,5,44.11,2,15,0
49,110.88,3,39.23,4,15,0
9,190.94,2,2.0,5,19,0
8,63.77,2,69.24,2,19,1
39,169.49,7,8.1,7,54,0
15,34.28,3,37.16,4,25,0
45,201.67,4,30.17,4,32,0
47,95.25,3,34.6,3,60,1
32,55.41,4,35.09,2,46,0
47,307.49,2,5.91,2,56,0
32,195.9,3,31.48,2,43,0
35,274.87,3,14.72,3,47,1
13,175.67,5,9.48,6,16,0
36,180.23,2,29.68,4,56,0
10,108.07,2,55.44,5,9,0
38,189.86,4,40.58,6,54,1
47,133.26,4,19.14,5,44,1
47,90.38,1,54.64,8,3,0
9,123.77,4,70.15,5,5,1
48,57.93,2,6.87,2,36,0
44,138.65,5,6.12,1,25,1
9,191.93,5,70.74,7,55,1
5,153.95,2,22.31,3,1,0
40,209.72,1,52.51,3,34,0
25,113.61,3,20.04,1,46,1
30,144.39,1,42.33,3,15,1
2,143.91,4,48.5,2,16,1
15,541.48,3,7.22,0,45,1
40,56.98,3,59.69,5,18,1
38,575.99,5,19.69,4,15,0
18,84.95,1,34.98,2,39,0
21,111.73,2,26.32,7,38,0
29,171.3,3,43.75,2,59,1
21,211.37,7,45.98,3,55,1
18,138.61,2,17.59,3,1,0
19,164.85,9,59.13,5,3,0
31,372.12,2,29.67,3,21,0
34,861.5,5,42.85,3,47,1
40,188.09,3,48.42,2,41,1
15,229.61,6,27.88,1,14,1
11,132.15,4,35.05,5,22,1
19,448.32,2,52.76,3,34,1
47,130.92,5,6.71,2,3,0
51,201.67,4,29.73,2,25,0
47,68.63,11,77.94,1,9,0
24,22.39,3,23.1,6,31,0
57,684.54,0,67.95,9,32,1
35,297.35,5,60.41,3,18,1
23,267.98,1,59.3,7,55,1
36,74.41,3,55.36,2,26,0
53,45.87,5,33.18,4,6,0
27,120.43,5,41.6,1,52,1
6,154.08,1,67.34,4,45,1
19,234.18,3,5.23,1,59,0
60,143.19,3,63.9,2,18,0
28,345.09,8,30.01,4,36,0
13,180.77,2,70.82,4,49,1
53,176.14,4,69.72,4,42,1
23,318.03,4,51.55,0,42,1
20,89.52,0,56.69,3,30,1
6,185.63,7,22.74,1,26,0
57,96.8,4,51.1,3,36,0
51,89.1,1,45.14,1,21,1
24,405.39,0,53.29,4,46,1
30,303.19,1,67.68,2,33,1
16,206.23,2,34.86,4,7,0
58,352.33,3,22.15,1,32,1
56,184.66,2,34.45,4,10,1
9,363.49,3,40.78,1,7,1
15,79.31,6,27.72,1,36,0
54,128.83,2,44.41,4,14,0
14,185.92,1,44.58,4,27,0
22,71.07,5,31.05,4,41,0
49,89.64,2,63.31,4,36,1
15,60.48,5,17.07,3,2,0
51,228.27,7,50.64,2,27,1
40,103.69,2,43.26,1,44,1
12,172.19,2,27.96,2,44,0
2,205.45,4,46.39,2,33,0
11,128.2,1,2.0,4,43,1
32,145.33,1,42.7,4,52,1
58,157.3,3,45.43,5,9,0
29,191.97,0,33.57,2,47,1
8,361.79,2,34.66,1,54,1
3,66.96,0,15.96,3,58,1
12,152.29,2,10.42,5,31,1
27,62.52,3,11.45,3,33,0
27,389.13,4,29.98,4,55,0
19,40.45,8,2.0,1,47,0
38,160.58,4,19.41,2,23,0
15,107.36,3,53.19,1,55,1
16,96.28,3,26.96,3,47,1
56,234.25,2,7.66,4,35,0
33,206.43,3,60.6,1,19,0
36,73.93,3,21.51,2,3,0
35,196.9,3,14.35,2,7,0
10,174.42,3,15.04,6,45,0
35,85.5,5,56.31,4,6,0
46,52.31,6,35.13,5,51,0
3,246.7,4,32.7,10,29,1
23,230.8,5,46.59,2,32,0
17,204.17,2,33.09,5,28,1
36,99.25,5,38.76,4,43,0
55,329.12,3,17.19,2,32,0
23,1530.68,3,41.84,2,21,1
4,159.19,1,14.55,2,37,1
39,205.39,2,36.35,4,23,1
19,80.97,1,2.0,2,45,0
41,81.46,1,39.12,4,58,0
9,477.78,2,57.16,3,40,1
18,682.16,3,43.2,4,26,1
24,119.55,2,33.76,4,40,1
50,90.08,5,33.86,4,14,1
34,74.88,3,29.2,3,33,0
38,92.77,2,2.0,1,11,0
43,146.62,4,53.1,2,43,1
37,59.56,6,44.8,1,18,0
53,86.34,5,15.62,2,37,1
14,271.54,2,33.27,4,38,0
39,125.32,2,58.78,4,11,0
16,81.76,2,10.0,4,32,1
34,62.19,4,35.08,4,46,1
24,294.59,2,46.76,3,26,1
56,67.74,4,19.66,1,5,0
3,126.83,6,46.05,3,53,1
33,280.4,3,16.81,6,1,0
4,203.55,2,58.16,3,37,1
22,171.33,3,26.93,4,15,0
40,172.48,4,17.76,4,19,0
15,72.44,2,40.93,4,45,0
19,84.84,4,2.0,3,1,0
41,101.33,3,31.04,10,7,0
44,19.03,3,31.08,3,55,1
39,104.8,4,74.65,3,34,0
5,130.61,5,46.93,1,8,1
21,132.14,6,57.19,1,10,0
45,128.51,1,19.66,4,55,0
52,161.39,3,12.01,5,20,0
13,168.96,5,4.48,2,50,1
24,436.7,0,48.55,3,8,0
53,156.15,3,15.29,6,50,0
8,253.97,5,8.56,4,10,1
55,92.81,2,55.74,2,28,1
23,176.25,5,53.87,2,3,0
42,172.1,0,25.88,1,60,1
27,120.08,3,27.38,4,38,1
24,42.84,5,31.6,3,40,0
23,55.22,4,18.57,4,49,0
2,192.81,4,15.68,4,53,1
55,136.13,4,37.98,3,44,0
46,118.94,3,34.6,2,38,1
56,88.05,3,17.09,2,10,0
34,150.52,5,53.99,2,45,1
58,210.86,3,75.62,6,27,1
5,517.93,3,15.57,6,20,1
22,140.58,2,29.16,3,53,1
35,125.81,4,2.0,2,58,0
29,172.07,6,55.4,3,53,1
1,321.14,1,6.58,2,21,1
7,713.35,4,34.2,0,1,1
28,211.17,7,46.27,3,22,1
50,52.45,1,50.28,1,11,0
37,145.78,2,10.36,3,22,1
18,64.93,8,18.87,0,54,1
49,73.26,5,28.61,2,10,0
54,507.83,2,2.0,1,10,1
18,112.79,3,20.27,3,9,0
56,87.39,6,45.44,3,36,0
14,375.24,4,54.06,2,4,1
35,152.37,2,8.21,2,27,0
20,65.5,3,15.56,3,50,1
44,150.79,1,18.65,2,14,1
4,54.63,1,59.71,4,46,1
4,79.52,3,21.35,3,42,0
56,165.26,1,36.1,1,30,0
11,24.48,4,56.39,2,39,1
53,239.33,4,47.47,2,24,0
41,173.61,0,48.01,1,43,1
37,261.77,4,58.41,6,32,1
44,110.82,4,2.0,3,42,0
5,195.71,5,40.71,2,35,1
4,73.16,2,38.07,3,32,0
6,76.58,4,21.22,3,9,0
2,156.93,3,54.5,3,8,1
56,148.9,6,58.73,1,46,1
27,145.21,2,22.36,2,19,0
8,375.81,1,4.22,1,17,1
19,120.8,2,2.0,2,24,0
9,200.28,5,74.58,4,21,1
55,186.12,1,22.74,8,30,0
48,163.48,2,40.16,3,5,0
1,195.3,7,35.13,2,14,1
19,43.62,2,65.2,1,23,1
40,99.4,2,5.6,4,34,0
25,316.58,6,29.61,0,23,1
14,119.29,1,17.66,5,23,0
25,238.58,2,24.73,4,42,0
26,203.69,3,12.1,2,4,0
43,17.44,3,13.04,0,14,1
34,58.6,4,38.44,3,29,0
29,91.97,6,37.23,9,14,0
37,90.98,1,10.08,4,36,0
49,106.99,3,30.67,2,38,0
6,108.25,6,12.98,4,45,0
30,82.81,2,48.76,3,11,1
46,91.85,2,50.31,3,50,1
18,37.32,6,57.13,2,46,1
53,567.56,2,28.91,6,12,0
12,386.32,4,22.51,4,45,0
3,269.43,4,34.31,1,17,1
46,137.71,6,24.15,3,7,0
46,77.17,5,34.67,3,54,1
14,802.42,3,24.17,7,51,1
60,75.44,8,10.84,4,12,0
37,396.76,0,39.83,3,55,1
3,180.96,4,51.53,3,12,1
37,77.01,6,48.01,3,17,1
21,82.27,4,10.85,3,34,0
58,108.52,4,61.3,6,46,0
17,94.05,5,2.0,3,15,0
6,54.1,3,21.29,1,10,1
53,195.88,4,36.96,3,53,0
13,76.53,7,35.76,1,24,0
20,248.19,6,28.86,1,2,1
40,128.41,3,25.03,4,39,1
20,160.73,3,27.0,4,31,0
20,157.76,6,55.29,3,52,1
30,110.88,4,56.58,2,55,1
8,135.85,3,37.15,3,26,0
33,164.15,1,14.58,6,39,0
54,732.55,1,47.51,2,60,1
60,59.11,2,63.69,5,31,0
44,88.85,9,49.41,2,42,0
36,110.72,5,21.71,3,53,1
14,60.1,0,27.46,2,1,1
53,56.96,5,62.32,6,15,0
6,48.77,4,41.08,3,59,1
43,137.97,3,14.72,2,48,1
51,98.61,8,60.43,3,53,0
28,161.16,6,24.86,5,55,0
35,52.66,2,69.4,1,31,0
49,76.58,4,84.28,7,14,0
56,270.34,2,66.87,2,40,1
2,241.46,1,51.63,1,41,1
32,47.87,4,36.92,5,27,0
25,254.01,3,7.83,4,24,0
14,96.93,3,21.94,3,2,1
52,65.47,9,13.31,0,28,0
9,236.3,2,24.69,4,25,1
21,266.17,4,42.43,5,51,0
26,24.78,4,25.26,6,15,0
14,258.9,1,53.11,4,38,1
42,99.46,5,19.69,2,21,0
39,97.5,4,45.26,3,45,1
1,108.12,4,58.77,2,11,1
10,296.15,2,21.29,1,4,1
24,336.62,3,32.52,3,19,0
53,175.78,0,15.56,5,53,1
25,238.92,5,20.53,5,10,0
26,611.99,4,39.39,3,60,1
41,135.77,5,39.26,3,12,0
48,67.67,4,51.7,2,46,1
12,198.24,1,20.16,3,5,1
41,224.77,2,39.14,3,2,0
53,123.15,1,48.46,2,51,1
54,120.32,1,32.7,1,18,1
20,617.21,4,40.26,4,28,0
47,115.07,2,4.8,2,13,0
50,73.84,4,15.94,3,36,0
10,21.13,8,58.11,2,52,0
50,244.7,1,2.0,5,14,0
56,336.34,3,2.0,0,53,1
54,61.02,3,37.27,2,60,0
53,207.9,1,3.86,3,47,0
16,109.31,2,64.97,3,54,1
30,145.23,0,60.17,4,26,1
51,92.02,1,20.13,2,49,0
6,137.91,3,37.08,3,49,1
14,254.72,6,15.99,6,15,1
13,97.54,1,2.0,3,17,0
24,86.77,2,40.04,2,11,0
7,68.91,3,4.03,4,9,0
11,306.35,5,46.9,2,49,1
60,77.94,5,64.32,6,12,0
30,215.68,3,41.38,4,35,0
49,58.54,2,64.08,3,26,0
5,31.51,2,32.76,2,59,1
4,94.38,3,51.15,2,33,0
58,164.59,4,53.34,5,11,0
58,297.96,3,26.59,4,33,0
1,243.68,2,46.29,1,56,1
15,175.0,5,37.69,3,50,1
30,24.53,1,3.72,0,60,1
39,195.7,3,19.11,2,40,1
51,49.82,6,20.55,4,3,0
1,85.94,5,15.4,2,55,1
8,487.51,7,19.26,2,28,0
2,281.92,4,59.05,3,11,1
36,65.98,2,21.39,2,49,1
33,110.13,4,44.73,6,2,0
32,243.18,5,69.01,1,15,0
13,126.77,1,32.93,4,10,1
46,120.9,3,25.03,3,12,0
55,64.24,5,41.58,1,14,0
42,204.73,3,2.0,2,28,0
60,224.73,1,18.61,3,3,0
50,80.72,4,37.64,5,14,1
6,34.21,6,2.0,6,34,0
48,497.95,3,60.01,0,59,1
38,86.48,5,46.07,3,10,0
35,188.94,4,60.43,5,26,1
13,77.8,2,25.74,3,5,0
21,84.05,3,33.59,4,10,1
22,275.85,1,53.71,3,19,1
7,113.44,0,72.04,1,48,1
21,242.63,4,53.2,5,39,0
10,246.73,2,45.37,4,58,0
